name,accuracy,precision,f1,recall
MultiClassBiLSTM,0.7466467958271237,0.7466467958271237,0.7466467958271238,0.7466467958271237
MultiClassBertBiLSTM,0.7225037257824143,0.7225037257824143,0.7225037257824143,0.7225037257824143
MultiClassCNN,0.7262295081967213,0.7262295081967213,0.7262295081967213,0.7262295081967213
MultiClassGru,0.7479880774962743,0.7479880774962743,0.7479880774962743,0.7479880774962743
MultiClassRNN,0.4520119225037258,0.4520119225037258,0.4520119225037258,0.4520119225037258
MultiClassTransformer,0.7078986587183308,0.7078986587183308,0.7078986587183309,0.7078986587183308
MultiClassBiLSTMCNN,0.7283159463487332,0.7283159463487332,0.7283159463487333,0.7283159463487332
