name,accuracy,precision,f1,recall
MultiClassGru,0.9908789793892454,0.9908789793892454,0.9908789793892454,0.9908789793892454
